{"cameraMode":{"drawMode":0,"name":"Shaded","section":"Shading Mode"},"sceneLighting":false,"audioPlay":false,"sceneViewState":{"m_AlwaysRefresh":false,"showFog":true,"showSkybox":false,"showFlares":true,"showImageEffects":true,"showParticleSystems":true,"showVisualEffectGraphs":true,"m_FxEnabled":true},"in2DMode":false,"pivot":{"x":-11.699999809265137,"y":1.6882774829864503,"z":-18.100000381469728},"rotation":{"x":0.2525557279586792,"y":-0.006685696076601744,"z":0.0016265716403722764,"w":0.9676220417022705},"size":2.1392128467559816,"orthographic":false}