{"cameraMode":{"drawMode":0,"name":"Shaded","section":"Shading Mode"},"sceneLighting":true,"audioPlay":false,"sceneViewState":{"m_AlwaysRefresh":false,"showFog":true,"showSkybox":true,"showFlares":true,"showImageEffects":true,"showParticleSystems":true,"showVisualEffectGraphs":true,"m_FxEnabled":true},"in2DMode":false,"pivot":{"x":-11.853309631347657,"y":7.6815361976623539,"z":-52.83378982543945},"rotation":{"x":0.07672945410013199,"y":0.013455955311655999,"z":-0.0010295590618625284,"w":0.9969897866249085},"size":15.225310325622559,"orthographic":false}