{"cameraMode":{"drawMode":0,"name":"Shaded","section":"Shading Mode"},"sceneLighting":true,"audioPlay":false,"sceneViewState":{"m_AlwaysRefresh":false,"showFog":true,"showSkybox":true,"showFlares":true,"showImageEffects":true,"showParticleSystems":true,"showVisualEffectGraphs":true,"m_FxEnabled":true},"in2DMode":false,"pivot":{"x":9.153270721435547,"y":4.203002452850342,"z":-38.967437744140628},"rotation":{"x":0.3222920596599579,"y":0.06068447232246399,"z":-0.021006030961871148,"w":0.9446629881858826},"size":13.433815002441407,"orthographic":false}