{"cameraMode":{"drawMode":0,"name":"Shaded","section":"Shading Mode"},"sceneLighting":false,"audioPlay":false,"sceneViewState":{"m_AlwaysRefresh":false,"showFog":true,"showSkybox":false,"showFlares":true,"showImageEffects":true,"showParticleSystems":true,"showVisualEffectGraphs":true,"m_FxEnabled":true},"in2DMode":false,"pivot":{"x":-0.3438021242618561,"y":1.0308306217193604,"z":-20.77991485595703},"rotation":{"x":0.05577464401721954,"y":0.01708528771996498,"z":-0.0010913519654422999,"w":0.9983823299407959},"size":1.4453169107437134,"orthographic":false}